1000000037	Hamel Ferres	0 Farmco Hill	2403144190
1000000043	Percival Sedgemond	0 Norway Maple Alley	5247870048
1000000098	Johnathon Sprowle	00 Sugar Place	2906298817
1000000041	Francklin Kestle	029 5th Junction	7427721214
1000000000	Hester Draysay	0406 Vera Hill	4081841808
1000000022	Mellisent Pearl	05 Tennyson Court	3534351140
1000000077	Quintus Yorath	056 Starling Road	8172286451
1000000078	Alaster Lobbe	085 Quincy Court	4023082069
1000000085	Shena Bonfield	10084 Meadow Ridge Trail	5741656112
1000000067	Bealle Burmaster	1079 Lawn Junction	8283376191
1000000038	Kelley Lethieulier	10818 Ryan Avenue	6111890843
1000000094	Elke Mothersole	12833 Judy Road	5487296925
1000000065	Hansiain Marvelley	1308 Colorado Way	8709509529
1000000083	Brunhilde Spykings	1373 Homewood Plaza	5442147994
1000000095	Ainsley Dzenisenka	14 Union Park	5345998924
1000000004	Zebulon Flockhart	1582 Marquette Avenue	1466165147
1000000069	Tallulah Louys	1616 Knutson Pass	6527524071
1000000003	Palm Blowin	174 Shasta Hill	7171229672
1000000075	Meade Filimore	18429 Valley Edge Circle	6332710467
1000000050	Elaina Beaford	2 Memorial Circle	8024036126
1000000016	Garvin Rignall	209 Golf Course Trail	5409888130
1000000020	Gwendolyn McNutt	23 Sauthoff Hill	1978674493
1000000048	Nye Korn	2466 Darwin Point	7827604873
1000000051	Angela Stetlye	249 Goodland Lane	8064813323
1000000001	Auberta Steffan	2546 Paget Street	2947199011
1000000053	Quintilla Sandwick	260 Cardinal Place	6036795209
1000000005	Curran Moller	26544 Pepper Wood Street	3644484341
1000000024	Lancelot O'Heffernan	27 1st Pass	1521918652
1000000030	Nell Pavlik	2735 Hoffman Place	8773981099
1000000019	Cheston Terran	3 Dahle Terrace	7708182203
1000000072	Doug Trippick	3 Fair Oaks Center	8284794403
1000000057	Tammy Bennike	3 Moulton Park	3245411117
1000000006	Lizbeth Fowler	3 Northport Plaza	7654244731
1000000093	Tillie Lemm	3 Sachtjen Park	7809658738
1000000054	Kyrstin O'Canavan	30057 Myrtle Place	6065526417
1000000017	Jenda Dreakin	3098 Merry Park	4419249540
1000000063	Twyla Westpfel	328 Miller Center	9839065936
1000000039	Sauncho Kohnemann	35 Portage Parkway	2081942115
1000000074	Petr Waistall	356 Hudson Crossing	5883839051
1000000070	Cello Sarchwell	36 Moland Junction	7233192264
1000000066	Cynthea Deinhard	37361 Caliangt Way	7271444692
1000000087	Wilton Whimp	375 Sugar Place	7652569420
1000000068	Gerrilee Donovan	3835 Maple Wood Plaza	5817028400
1000000025	Piggy McGarahan	391 Mockingbird Place	1829447685
1000000011	Sandra Emslie	39449 Sycamore Lane	3761491963
1000000012	Ariela Gilliat	397 Oak Junction	9726282904
1000000096	Brig Barkes	4 Ilene Pass	6347505799
1000000045	Clary Kneal	4 Pennsylvania Center	5911710674
1000000031	Ethelred Ely	4 Spenser Pass	8549925222
1000000082	Tiffie Ridgedell	44 Northfield Court	8653583297
1000000009	Lorens Brighouse	4592 Bunting Drive	8903247488
1000000081	Riki MacGeaney	46051 Sheridan Drive	5986914548
1000000034	Rossy Keyworth	50216 Beilfuss Way	1343814330
1000000064	La verne Mallows	545 Bowman Junction	4228058625
1000000090	Devy Blethyn	556 Spenser Park	5434279311
1000000073	Donnajean Ciubutaro	56491 Continental Pass	8517745072
1000000076	Lanna Rundle	57336 Independence Parkway	2057856517
1000000056	Ferne Warbeys	584 Kipling Avenue	6075104482
1000000013	Karry Sturror	6 Graceland Point	6735460238
1000000015	Nessi Birks	6 Mosinee Crossing	2825287564
1000000044	Britt Nowland	6 School Place	2963664465
1000000071	Nollie Innwood	60 Novick Hill	2914267781
1000000029	Clare Mackley	6076 Lillian Alley	8781412528
1000000014	Jillana Major	64 Schmedeman Pass	4443935014
1000000089	Hedwig Cassidy	643 Ramsey Center	7477984860
1000000028	Hercule Pobjay	66 Dottie Terrace	3376294708
1000000049	Enoch Stangoe	66 Manufacturers Plaza	7396940052
1000000060	Nessie Elbourn	66516 Summit Park	7132562015
1000000018	Skylar Leavry	6761 Moulton Terrace	5193647029
1000000010	Aland Kramer	68359 Pepper Wood Alley	3879702592
1000000008	Natalee Sauniere	7 South Way	6106083514
1000000091	Kimball Ciric	70886 Clove Center	5713888856
1000000042	Wayne Waterman	719 Summit Circle	9391231624
1000000035	Tiffani Siward	7347 Coleman Parkway	8163398660
1000000021	Had Anstee	7379 Bluejay Center	2244631443
1000000062	Walden Joicey	76 Dahle Avenue	9866464216
1000000084	Alex Giddons	7675 Hagan Point	8249779015
1000000061	Davidson Dowman	8 Bashford Park	1094064060
1000000092	Lambert Hinkes	8 Jay Lane	9886409362
1000000036	Holden Stonelake	8 Pankratz Point	8016557776
1000000007	Patsy Balden	8 Sauthoff Pass	1972259119
1000000086	Phaedra Szwandt	82 Hazelcrest Junction	2605397731
1000000052	Arlan Ilyin	82966 Hovde Junction	9354060779
1000000027	Nancie Kapiloff	850 Forest Run Road	9335981409
1000000026	Mercy MacHoste	86 Tennessee Parkway	6757012688
1000000033	Rudy Collymore	86659 Hansons Point	7952266617
1000000079	Friederike Ottosen	8709 Ramsey Way	2129970196
1000000046	Kinna Sperwell	89 Graceland Court	6662174637
1000000002	Betteanne Morrowe	895 Marcy Circle	4162890746
1000000023	Ailbert Duddy	9 School Alley	7829108691
1000000088	Goldina Yeiles	90 Sutherland Point	8292101734
1000000047	Audrie Climer	911 Talisman Terrace	9405539449
1000000059	Stacia Hatzar	91137 Rockefeller Terrace	6528280530
1000000040	Kylie Urlich	91809 Pine View Circle	7744842048
1000000097	Godfrey Cheetham	919 Golf View Street	7945331051
1000000080	Jean Summerfield	92102 Steensland Terrace	4873623219
1000000032	Yancey Agglione	94211 Rockefeller Trail	9103815827
1000000055	Lira Kingsbury	9918 Autumn Leaf Circle	4213901104
1000000058	Hakeem Andrin	99477 Holmberg Junction	5019895925
